alpha_deg,alpha2_deg2,CD
-4.000,16.000000,0.023950
-2.000,4.000000,0.013592
0.000,0.000000,0.008409
2.000,4.000000,0.019247
4.000,16.000000,0.021428
6.000,36.000000,0.026056
8.000,64.000000,0.038393
10.000,100.000000,0.054553
