alpha_deg,alpha2_deg2,CD
-4.000,16.000000,0.001903
-2.000,4.000000,0.001204
0.000,0.000000,0.001541
2.000,4.000000,0.001766
4.000,16.000000,0.001563
6.000,36.000000,0.002269
8.000,64.000000,0.002419
10.000,100.000000,0.003857
