alpha_deg,alpha2,CD
-4.000000000000000000e+00,1.600000000000000000e+01,2.394961055355895180e-02
-2.000000000000000000e+00,4.000000000000000000e+00,1.359225964342358935e-02
0.000000000000000000e+00,0.000000000000000000e+00,8.409465913969717266e-03
2.000000000000000000e+00,4.000000000000000000e+00,1.924713543973145119e-02
4.000000000000000000e+00,1.600000000000000000e+01,2.142761527769102003e-02
6.000000000000000000e+00,3.600000000000000000e+01,2.605600861736536225e-02
8.000000000000000000e+00,6.400000000000000000e+01,3.839287561177552599e-02
1.000000000000000000e+01,1.000000000000000000e+02,5.455251472770419191e-02
